{
	"ktg_intro_about": "Welcome to unofficial messaging app\nbased on Telegram Desktop.",
	"ktg_about_text1": "Experimental unofficial {tdesktop_link} fork.",
	"ktg_about_text1_tdesktop": "Telegram Desktop",
	"ktg_about_text3": "Visit {channel_link} or {faq_link} for more info.",
	"ktg_about_text3_channel": "Kotatogram channel",
	"ktg_new_version": "Kotatogram Desktop has been updated to {version} (TD {td_version})\n\nFull version history is available here:\n{link}",
	"ktg_open_from_tray": "Open Kotatogram",
	"ktg_quit_from_tray": "Quit Kotatogram",
	"ktg_tray_icon_text": "Kotatogram is still running here,\nyou can change this from settings page.\nIf this icon disappears from tray menu,\nyou can drag it here from hidden icons.",
	"ktg_error_start_minimized_passcoded": "You have set a local passcode, so Kotatogram Desktop can't be launched minimised; it will ask you to enter your passcode before it can start working.",
	"ktg_proxy_unsupported": "Your Kotatogram Desktop version doesn't support this proxy type or the proxy link is invalid. Please update Kotatogram Desktop to the latest version.",
	"ktg_update_telegram": "Update Kotatogram",
	"ktg_settings_auto_start": "Launch Kotatogram when system starts",
	"ktg_settings_add_sendto": "Place Kotatogram in \"Send to\" menu",
	"ktg_theme_no_desktop": "Sorry, this theme doesn't include a version for Kotatogram Desktop.",
	"ktg_download_path_default_radio": "Kotatogram folder in system «Downloads»",
	"ktg_passcode_about": "When a local passcode is set, a lock icon appears at the top of your chats list. Click it to lock the app.\n\nNote: if you forget your local passcode, you'll need to relogin in Kotatogram Desktop.",
	"ktg_message_unsupported": "This message is not supported by your version of Kotatogram Desktop. Please update to the latest version in Settings, or install it from {link}",
	"ktg_bot_share_location_unavailable": "Sorry, location sharing is currently unavailable in Kotatogram Desktop.",
	"ktg_theme_editor_need_unlock": "You need to unlock Kotatogram to save your theme.",
	"ktg_payments_not_supported": "Sorry, Kotatogram Desktop doesn't support payments yet. Please use one of our mobile apps to do this.",
	"ktg_no_mic_permission": "Kotatogram needs access to your microphone so that you can make calls and record voice messages.",
	"ktg_passport_app_out_of_date": "Sorry, your Telegram app is out of date and can't handle this request. Please update Kotatogram.",
	"ktg_export_progress": "You can close this window now. Please don't quit Kotatogram until the data export is completed.",
	"ktg_language_not_ready_about": "Unfortunately, this custom language pack ({lang_name}) doesn't contain data for Kotatogram Desktop. You can contribute to this language pack using the {link}.",
	"ktg_outdated_soon": "Otherwise, Kotatogram Desktop will stop updating on {date}.",
	"ktg_outdated_now": "So that Kotatogram Desktop can update to newer versions.",
	"ktg_mac_menu_show": "Show Kotatogram",
	"ktg_settings_kotato": "Kotatogram Settings",
	"ktg_user_status_unaccessible": "account inaccessible",
	"ktg_settings_show_json_settings": "Show settings file",
	"ktg_settings_restart": "Restart Kotatogram",
	"ktg_copy_btn_callback": "Copy callback data",
	"ktg_pinned_message_show": "Show pinned message",
	"ktg_pinned_message_hide": "Hide pinned message",
	"ktg_settings_chats": "Chats",
	"ktg_settings_sticker_height": "Sticker height: {pixels}px",
	"ktg_settings_sticker_scale_both": "Apply to sticker width",
	"ktg_settings_sticker_scale_both_about": "When enabled, sticker maximum width will be changed along with sticker height.",
	"ktg_settings_emoji_outline": "Big emoji outline",
	"ktg_settings_disable_up_edit": "Disable edit by Up key",
	"ktg_settings_auto_scroll_unfocused": "Unfocused auto-scroll",
	"ktg_settings_always_show_scheduled": "Always show scheduled",
	"ktg_settings_chat_list_compact": "Compact chat list",
	"ktg_fonts_title": "Fonts",
	"ktg_settings_fonts": "Change application fonts",
	"ktg_fonts_reset": "Reset",
	"ktg_fonts_about": "You will need to restart app to apply and see changes.",
	"ktg_fonts_main": "Main font",
	"ktg_fonts_semibold": "Semibold font",
	"ktg_fonts_semibold_is_bold": "Bold font face",
	"ktg_fonts_monospaced": "Monospaced font",
	"ktg_fonts_use_system_font": "Use system font",
	"ktg_fonts_use_original_metrics": "Use Open Sans height",
	"ktg_settings_network": "Network",
	"ktg_settings_net_speed_boost": "Upload speed boost",
	"ktg_net_speed_boost_title": "Upload speed boost",
	"ktg_net_speed_boost_desc": "Warning: changing this parameter to high values on slow networks can make even worse. Use at your own risk.\n\nYou'll need to restart app to save changes.",
	"ktg_net_speed_boost_default": "Disabled",
	"ktg_net_speed_boost_slight": "Slight",
	"ktg_net_speed_boost_medium": "Medium",
	"ktg_net_speed_boost_big": "Big",
	"ktg_settings_system": "System",
	"ktg_settings_qt_scale": "Qt scaling engine",
	"ktg_settings_file_dialog_type": "File chooser dialog",
	"ktg_file_dialog_type_default": "Default",
	"ktg_file_dialog_disabled_on_build": "Disabled on build time",
	"ktg_file_dialog_disabled_by_option": "Disabled by option",
	"ktg_settings_other": "Other",
	"ktg_profile_copy_id": "Copy ID",
	"ktg_profile_bot_id": "Bot ID",
	"ktg_profile_user_id": "User ID",
	"ktg_profile_group_id": "Group ID",
	"ktg_profile_supergroup_id": "Supergroup ID",
	"ktg_profile_channel_id": "Channel ID",
	"ktg_settings_show_phone_number": "Show phone in drawer",
	"ktg_settings_call_confirm": "Confirm before calling",
	"ktg_call_sure": "Are you sure you want to call this user?",
	"ktg_call_button": "Call",
	"ktg_settings_ffmpeg_multithread": "Multithread video decoding",
	"ktg_settings_ffmpeg_multithread_about": "When enabled, CPU and RAM consumption is higher, video decodes faster. When disabled, CPU and RAM consumption is lower, video decodes slower. The more CPU cores you have, the more RAM consumption you have when this option is enabled. You can set exact number of threads in the JSON configuration file.",
	"ktg_settings_external_video_player": "External video player",
	"ktg_settings_external_video_player_about": "When this option is enabled, autoplay is force-disabled and system video player is used to play videos.",
	"ktg_settings_adaptive_bubbles": "Adaptive bubbles",
	"ktg_settings_disable_sound_from_tray": "Disable sound",
	"ktg_settings_enable_sound_from_tray": "Enable sound",
	"ktg_settings_recent_stickers_limit": {
		"zero": "Recent stickers: show {count} stickers",
		"one": "Recent stickers: show {count} sticker",
		"two": "Recent stickers: show {count} stickers",
		"few": "Recent stickers: show {count} stickers",
		"many": "Recent stickers: show {count} stickers",
		"other": "Recent stickers: show {count} stickers"
	},
	"ktg_settings_recent_stickers_limit_none": "Recent stickers: hide all",
	"ktg_filters_default": "Default folder",
	"ktg_filters_context_edit_all": "Edit folders",
	"ktg_filters_context_make_default": "Make folder default",
	"ktg_filters_context_reset_default": "Reset default folder",
	"ktg_settings_filters": "Folders",
	"ktg_settings_filters_only_unmuted_counter": "Do not count muted chats",
	"ktg_settings_filters_hide_edit": "Hide Edit button",
	"ktg_settings_filters_hide_folder_names": "Compact folders",
	"ktg_settings_top_bar_mute": "Mute in profile top bar",
	"ktg_settings_messages": "Messages",
	"ktg_settings_filters_hide_all": "Hide \"All chats\" folder",
	"ktg_hide_pinned_message": "Hide",
	"ktg_stickers_copy_title": "Copy name",
	"ktg_stickers_title_copied": "Sticker pack name copied to clipboard.",
	"ktg_context_show_messages_from": "User messages",
	"ktg_settings_userpic_rounding": "Profile pictures rounding",
	"ktg_settings_userpic_rounding_none": "Square",
	"ktg_settings_userpic_rounding_small": "Small",
	"ktg_settings_userpic_rounding_big": "Big",
	"ktg_settings_userpic_rounding_full": "Circle",
	"ktg_settings_userpic_rounding_desc": "You'll need to restart app to save changes.",
	"ktg_settings_tray_icon": "Tray icon",
	"ktg_settings_tray_icon_default": "Default",
	"ktg_settings_tray_icon_blue": "Blue",
	"ktg_settings_tray_icon_green": "Green",
	"ktg_settings_tray_icon_orange": "Orange",
	"ktg_settings_tray_icon_red": "Red",
	"ktg_settings_tray_icon_legacy": "Legacy",
	"ktg_settings_tray_icon_desc": "If you don't like any of these icons, you can place icon.png in your profile folder, but you'll need to restart app to see it.\n\nIcons below don't require restart.",
	"ktg_settings_disable_tray_counter": "Disable tray icon counter",
	"ktg_settings_use_telegram_panel_icon": "Ask the system for telegram icon",
	"ktg_settings_chat_id": "Chat ID in profile",
	"ktg_settings_chat_id_desc": "You can choose desired format here.\n\nTelegram API uses IDs as-is, but Bot API adds minus in the beginning for groups, and -100 for channels and supergroups to fit it in one field.\n\nIf you have profile panel opened, re-open it to see changes.",
	"ktg_settings_chat_id_disable": "Hide",
	"ktg_settings_chat_id_telegram": "Telegram API",
	"ktg_settings_chat_id_bot": "Bot API",
	"ktg_message_id": "Message ID: {id}",
	"ktg_emoji_panel_hover": "Emoji panel on hover",
	"ktg_local_storage_limit_days": {
		"zero": "{count} days",
		"one": "{count} day",
		"two": "{count} days",
		"few": "{count} days",
		"many": "{count} days",
		"other": "{count} days"
	},
	"ktg_settings_monospace_large_bubbles": "Expand bubbles with monospace",
	"ktg_bot_id_copied": "Bot ID copied to clipboard.",
	"ktg_user_id_copied": "User ID copied to clipboard.",
	"ktg_group_id_copied": "Group ID copied to clipboard.",
	"ktg_supergroup_id_copied": "Supergroup ID copied to clipboard.",
	"ktg_channel_id_copied": "Channel ID copied to clipboard.",
	"ktg_phone_copied": "Phone copied to clipboard.",
	"ktg_mention_copied": "Username copied to clipboard.",
	"ktg_status_mutual_contact": "mutual contact",
	"ktg_status_contact": "contact",
	"ktg_status_non_contact": "non-contact",
	"ktg_supergroup_status": "supergroup",
	"ktg_group_status_not_in": "not a member",
	"ktg_channel_status_not_in": "not subscribed",
	"ktg_group_status_owner": "is owner",
	"ktg_group_status_admin": "is admin",
	"ktg_too_many_accounts_warning": "Warning! Using too many accounts at the same time is not recommended due to higher memory comsumption and possible crashes because of it.\n\nYou sure you want to add a new account?",
	"ktg_account_add_anyway": "Add anyway",
	"ktg_rights_chat_send_stickers": "Send stickers",
	"ktg_rights_chat_send_gif": "Send GIFs",
	"ktg_rights_chat_send_games": "Send games",
	"ktg_rights_chat_use_inline": "Use inline bots",
	"ktg_admin_log_banned_send_stickers": "Send stickers",
	"ktg_admin_log_banned_send_gif": "Send GIFs",
	"ktg_admin_log_banned_send_games": "Send games",
	"ktg_admin_log_banned_use_inline": "Use inline bots",
	"ktg_forward_go_to_chat": "Go to chat",
	"ktg_settings_forward": "Forward",
	"ktg_settings_forward_retain_selection": "Retain selection after forward",
	"ktg_settings_forward_chat_on_click": "Open chat on click",
	"ktg_settings_forward_chat_on_click_description": "You can hold Ctrl to select multiple chats regardless of this option.",
	"ktg_forward_menu_quoted": "Quoted",
	"ktg_forward_menu_unquoted": "Unquoted with captions",
	"ktg_forward_menu_uncaptioned": "Unquoted without captions",
	"ktg_forward_menu_default_albums": "Preserve albums",
	"ktg_forward_menu_group_all_media": "Group all media",
	"ktg_forward_menu_separate_messages": "Separate messages",
	"ktg_forward_subtitle_unquoted": "unquoted",
	"ktg_forward_subtitle_uncaptioned": "uncaptioned",
	"ktg_forward_subtitle_group_all_media": "as albums",
	"ktg_forward_subtitle_separate_messages": "one by one",
	"ktg_profile_mention_user": "Mention user",
	"ktg_filters_exclude_not_owned": "Not owned",
	"ktg_filters_exclude_not_admin": "Not administrated",
	"ktg_filters_exclude_owned": "Owned",
	"ktg_filters_exclude_admin": "Administrated",
	"ktg_filters_exclude_not_recent": "Not opened in this session",
	"ktg_filters_exclude_filtered": "From other folders",
	"ktg_filters_create_cloud": "Create cloud folder",
	"ktg_filters_create_local": "Create local folder",
	"ktg_filters_description": "Cloud folders are synced between all your Telegram apps, but local folders have more features to offer.",
	"ktg_filters_new_cloud": "New cloud folder",
	"ktg_filters_new_local": "New local folder",
	"ktg_filters_edit_cloud": "Edit cloud folder",
	"ktg_filters_edit_local": "Edit local folder",
	"ktg_filters_local": "local folder",
	"ktg_filters_cloud": "cloud folder",
	"ktg_filters_cloud_limit": "Sorry, you can't create more cloud folders. You can create local folder instead.",
	"ktg_filters_hide_folder": "Hide folder",
	"ktg_filters_hide_button": "Hide button",
	"ktg_filters_hide_all_chats_toast": "\"All Chats\" folder is hidden.\nYou can enable it back in Kotatogram Settings.",
	"ktg_filters_hide_edit_toast": "Edit button is hidden.\nYou can enable it back in Kotatogram Settings.",
	"ktg_settings_telegram_sites_autologin": "Auto-login on Telegram sites",
	"ktg_mute_for_selected_time": "For selected time",
	"ktg_send_preview": "Send preview",
	"ktg_send_silent_preview": "Send preview silent",
	"ktg_reminder_preview": "Remind with preview",
	"ktg_schedule_preview": "Send preview scheduled",
	"ktg_language_reloaded": "Kotatogram-specific language strings were reloaded.",
	"ktg_notifications_mute_seconds": {
		"zero": "seconds",
		"one": "second",
		"two": "seconds",
		"few": "seconds",
		"many": "seconds",
		"other": "seconds"
	},
	"ktg_notifications_mute_minutes": {
		"zero": "minutes",
		"one": "minute",
		"two": "minutes",
		"few": "minutes",
		"many": "minutes",
		"other": "minutes"
	},
	"ktg_notifications_mute_hours": {
		"zero": "hours",
		"one": "hour",
		"two": "hours",
		"few": "hours",
		"many": "hours",
		"other": "hours"
	},
	"ktg_notifications_mute_days": {
		"zero": "days",
		"one": "day",
		"two": "days",
		"few": "days",
		"many": "days",
		"other": "days"
	},
	"ktg_forward_sender_names_and_captions_removed": "Sender names and captions removed",
	"ktg_forward_remember_mode": "Remember forward mode",
	"ktg_forward_mode": "Forward mode",
	"ktg_forward_mode_quoted": "Quoted",
	"ktg_forward_mode_unquoted": "Unquoted",
	"ktg_forward_mode_uncaptioned": "Uncaptioned",
	"ktg_forward_grouping_mode": "Grouping mode",
	"ktg_forward_grouping_mode_preserve_albums": "Same as original",
	"ktg_forward_grouping_mode_regroup": "Regroup media",
	"ktg_forward_grouping_mode_regroup_desc": "Unquoted and uncaptioned only",
	"ktg_forward_grouping_mode_separate": "Separate",
	"ktg_forward_force_old_unquoted": "Old unquoted forward method",
	"ktg_forward_force_old_unquoted_desc": "Old method copies messages content on client rather than server. Currently it's used only for \"Regroup media\" grouping mode, since new one doesn't support it. If for some reason unquoted forward doesn't work correctly, try switching this option.",
	"ktg_disable_chat_themes": "Disable chat themes",
	"ktg_settings_remember_compress_images": "Remember compress images",
	"ktg_settings_compress_images_default": "Compress images by default",
	"dummy_last_string": ""
}
